Search 1,70,69
Search 2,70,0
Search 3,70,0
Search 4,70,0
Search 5,70,0
Search 1,75,5
Search 2,75,0
Search 3,75,0
Search 4,75,0
Search 5,75,0
Search 1,24,15
Search 2,24,0
Search 3,24,0
Search 4,24,0
Search 5,24,0
Search 1,10,6
Search 2,10,0
Search 3,10,0
Search 4,10,0
Search 5,10,0
Search 1,26,6
Search 2,26,0
Search 3,26,0
Search 4,26,0
Search 5,26,0
Search 1,15,6
Search 2,15,0
Search 3,15,0
Search 4,15,0
Search 5,15,0
Search 1,3,6
Search 2,3,0
Search 3,3,0
Search 4,3,0
Search 5,3,0
Search 1,16,5
Search 2,16,0
Search 3,16,0
Search 4,16,0
Search 5,16,0
Search 1,76,6
Search 2,76,0
Search 3,76,0
Search 4,76,0
Search 5,76,0
Search 1,39,11
Search 2,39,0
Search 3,39,0
Search 4,39,0
Search 5,39,0
Search 1,28,4
Search 2,28,0
Search 3,28,0
Search 4,28,0
Search 5,28,0
Search 1,34,6
Search 2,34,0
Search 3,34,0
Search 4,34,0
Search 5,34,0
Search 1,94,20
Search 2,94,0
Search 3,94,0
Search 4,94,0
Search 5,94,0
Search 1,79,3
Search 2,79,0
Search 3,79,0
Search 4,79,0
Search 5,79,0
Search 1,36,6
Search 2,36,0
Search 3,36,0
Search 4,36,0
Search 5,36,0
Search 1,65,17
Search 2,65,0
Search 3,65,0
Search 4,65,0
Search 5,65,0
Search 1,59,7
Search 2,59,0
Search 3,59,0
Search 4,59,0
Search 5,59,0
Search 1,86,9
Search 2,86,0
Search 3,86,0
Search 4,86,0
Search 5,86,0
Search 1,71,8
Search 2,71,0
Search 3,71,0
Search 4,71,0
Search 5,71,0
Search 1,74,6
Search 2,74,0
Search 3,74,0
Search 4,74,0
Search 5,74,0
Search 1,11,12
Search 2,11,0
Search 3,11,0
Search 4,11,0
Search 5,11,0
Search 1,22,10
Search 2,22,0
Search 3,22,0
Search 4,22,0
Search 5,22,0
Search 1,73,4
Search 2,73,0
Search 3,73,0
Search 4,73,0
Search 5,73,0
Search 1,25,6
Search 2,25,0
Search 3,25,0
Search 4,25,0
Search 5,25,0
Search 1,35,5
Search 2,35,0
Search 3,35,0
Search 4,35,0
Search 5,35,0
Search 1,96,7
Search 2,96,0
Search 3,96,0
Search 4,96,0
Search 5,96,0
Search 1,52,11
Search 2,52,0
Search 3,52,0
Search 4,52,0
Search 5,52,0
Search 1,4,8
Search 2,4,0
Search 3,4,0
Search 4,4,0
Search 5,4,0
Search 1,87,8
Search 2,87,0
Search 3,87,0
Search 4,87,0
Search 5,87,0
Search 1,7,8
Search 2,7,0
Search 3,7,0
Search 4,7,0
Search 5,7,0
Search 1,12,7
Search 2,12,0
Search 3,12,0
Search 4,12,0
Search 5,12,0
Search 1,14,5
Search 2,14,0
Search 3,14,0
Search 4,14,0
Search 5,14,0
Search 1,45,10
Search 2,45,0
Search 3,45,0
Search 4,45,0
Search 5,45,0
Search 1,21,5
Search 2,21,0
Search 3,21,0
Search 4,21,0
Search 5,21,0
Search 1,58,10
Search 2,58,0
Search 3,58,0
Search 4,58,0
Search 5,58,0
Search 1,5,8
Search 2,5,0
Search 3,5,0
Search 4,5,0
Search 5,5,0
Search 1,64,9
Search 2,64,0
Search 3,64,0
Search 4,64,0
Search 5,64,0
Search 1,32,15
Search 2,32,0
Search 3,32,0
Search 4,32,0
Search 5,32,0
Search 1,63,4
Search 2,63,0
Search 3,63,0
Search 4,63,0
Search 5,63,0
Search 1,61,3
Search 2,61,0
Search 3,61,0
Search 4,61,0
Search 5,61,0
Search 1,17,6
Search 2,17,0
Search 3,17,0
Search 4,17,0
Search 5,17,0
Search 1,9,6
Search 2,9,0
Search 3,9,0
Search 4,9,0
Search 5,9,0
Search 1,72,8
Search 2,72,0
Search 3,72,0
Search 4,72,0
Search 5,72,0
Search 1,51,9
Search 2,51,0
Search 3,51,0
Search 4,51,0
Search 5,51,0
Search 1,77,7
Search 2,77,0
Search 3,77,0
Search 4,77,0
Search 5,77,0
Search 1,47,5
Search 2,47,0
Search 3,47,0
Search 4,47,0
Search 5,47,0
Search 1,53,11
Search 2,53,0
Search 3,53,0
Search 4,53,0
Search 5,53,0
Search 1,33,7
Search 2,33,0
Search 3,33,0
Search 4,33,0
Search 5,33,0
Search 1,54,7
Search 2,54,0
Search 3,54,0
Search 4,54,0
Search 5,54,0
Search 1,1,7
Search 2,1,0
Search 3,1,0
Search 4,1,0
Search 5,1,0
Search 1,18,7
Search 2,18,0
Search 3,18,0
Search 4,18,0
Search 5,18,0
Search 1,68,12
Search 2,68,0
Search 3,68,0
Search 4,68,0
Search 5,68,0
Search 1,82,6
Search 2,82,0
Search 3,82,0
Search 4,82,0
Search 5,82,0
Search 1,56,8
Search 2,56,0
Search 3,56,0
Search 4,56,0
Search 5,56,0
Search 1,81,4
Search 2,81,0
Search 3,81,0
Search 4,81,0
Search 5,81,0
Search 1,93,8
Search 2,93,0
Search 3,93,0
Search 4,93,0
Search 5,93,0
Search 1,91,3
Search 2,91,0
Search 3,91,0
Search 4,91,0
Search 5,91,0
Search 1,49,13
Search 2,49,0
Search 3,49,0
Search 4,49,0
Search 5,49,0
Search 1,60,9
Search 2,60,0
Search 3,60,0
Search 4,60,0
Search 5,60,0
Search 1,67,7
Search 2,67,0
Search 3,67,0
Search 4,67,0
Search 5,67,0
Search 1,43,10
Search 2,43,0
Search 3,43,0
Search 4,43,0
Search 5,43,0
Search 1,41,5
Search 2,41,0
Search 3,41,0
Search 4,41,0
Search 5,41,0
Search 1,90,9
Search 2,90,0
Search 3,90,0
Search 4,90,0
Search 5,90,0
Search 1,31,10
Search 2,31,0
Search 3,31,0
Search 4,31,0
Search 5,31,0
Search 1,98,8
Search 2,98,0
Search 3,98,0
Search 4,98,0
Search 5,98,0
Search 1,40,6
Search 2,40,0
Search 3,40,0
Search 4,40,0
Search 5,40,0
Search 1,80,10
Search 2,80,0
Search 3,80,0
Search 4,80,0
Search 5,80,0
Search 1,27,9
Search 2,27,0
Search 3,27,0
Search 4,27,0
Search 5,27,0
Search 1,100,5
Search 2,100,0
Search 3,100,0
Search 4,100,0
Search 5,100,0
Search 1,97,6
Search 2,97,0
Search 3,97,0
Search 4,97,0
Search 5,97,0
Search 1,48,10
Search 2,48,0
Search 3,48,0
Search 4,48,0
Search 5,48,0
Search 1,13,12
Search 2,13,0
Search 3,13,0
Search 4,13,0
Search 5,13,0
Search 1,19,2
Search 2,19,0
Search 3,19,0
Search 4,19,0
Search 5,19,0
Search 1,92,8
Search 2,92,0
Search 3,92,0
Search 4,92,0
Search 5,92,0
Search 1,30,8
Search 2,30,0
Search 3,30,0
Search 4,30,0
Search 5,30,0
Search 1,57,11
Search 2,57,0
Search 3,57,0
Search 4,57,0
Search 5,57,0
Search 1,95,6
Search 2,95,0
Search 3,95,0
Search 4,95,0
Search 5,95,0
Search 1,37,13
Search 2,37,0
Search 3,37,0
Search 4,37,0
Search 5,37,0
Search 1,84,14
Search 2,84,0
Search 3,84,0
Search 4,84,0
Search 5,84,0
Search 1,78,7
Search 2,78,0
Search 3,78,0
Search 4,78,0
Search 5,78,0
Search 1,42,6
Search 2,42,0
Search 3,42,0
Search 4,42,0
Search 5,42,0
Search 1,89,8
Search 2,89,0
Search 3,89,0
Search 4,89,0
Search 5,89,0
Search 1,55,7
Search 2,55,0
Search 3,55,0
Search 4,55,0
Search 5,55,0
Search 1,46,6
Search 2,46,0
Search 3,46,0
Search 4,46,0
Search 5,46,0
Search 1,99,7
Search 2,99,0
Search 3,99,0
Search 4,99,0
Search 5,99,0
Search 1,38,7
Search 2,38,0
Search 3,38,0
Search 4,38,0
Search 5,38,0
Search 1,20,7
Search 2,20,0
Search 3,20,0
Search 4,20,0
Search 5,20,0
Search 1,69,17
Search 2,69,0
Search 3,69,0
Search 4,69,0
Search 5,69,0
Search 1,6,9
Search 2,6,0
Search 3,6,0
Search 4,6,0
Search 5,6,0
Search 1,2,4
Search 2,2,0
Search 3,2,0
Search 4,2,0
Search 5,2,0
Search 1,66,13
Search 2,66,0
Search 3,66,0
Search 4,66,0
Search 5,66,0
Search 1,8,9
Search 2,8,0
Search 3,8,0
Search 4,8,0
Search 5,8,0
Search 1,44,9
Search 2,44,0
Search 3,44,0
Search 4,44,0
Search 5,44,0
Search 1,62,9
Search 2,62,0
Search 3,62,0
Search 4,62,0
Search 5,62,0
Search 1,23,13
Search 2,23,0
Search 3,23,0
Search 4,23,0
Search 5,23,0
Search 1,88,9
Search 2,88,0
Search 3,88,0
Search 4,88,0
Search 5,88,0
Search 1,85,7
Search 2,85,0
Search 3,85,0
Search 4,85,0
Search 5,85,0
Search 1,50,14
Search 2,50,0
Search 3,50,0
Search 4,50,0
Search 5,50,0
Search 1,83,8
Search 2,83,0
Search 3,83,0
Search 4,83,0
Search 5,83,0
Search 1,29,9
Search 2,29,0
Search 3,29,0
Search 4,29,0
Search 5,29,0
